mtype	mean
SP_PC	89
SP_Ivy	3.8702076677
SO_OLM	0.7204472843
SO_BP	0.0834664537
SP_PVBC	2.429313099
SO_BS	0.232827476
SP_BS	0.7380191693
SP_AA	0.6457667732
SP_CCKBC	1.5814696486
SR_SCA	0.1757188498
SLM_PPA	0.2152555911
SO_Tri	0.3075079872

